"","Y","X1","X2","X3"
"1",15.1967567319759,54.626493664572,9.34000228939234,34.5712056383373
"2",16.9837958708074,43.7700155412854,4.82170931633144,14.5710911986905
"3",17.20782572652,46.9705026161071,1.36548147021057,9.13536374534365
"4",28.2587721160617,100.716709513662,1.87397164467812,41.6846626933169
"5",16.2080401770501,57.1600748725496,4.75036273534576,31.434702430135
"6",12.228517250398,23.5198445666593,10.277147127653,31.1875040913377
"7",18.6156590579619,55.5060112751152,5.68317907500114,35.1736255143751
"8",8.83137903103194,11.3407187044678,9.12464458317419,38.3976759920808
"9",16.1540008678262,62.4062324732233,8.25479723700778,46.1393966210047
"10",17.5391903205789,39.0499291955917,6.0041967668316,11.3549931071454
"11",12.8137930156198,40.8403367886204,5.5721450235652,12.1350160592428
"12",15.8325892040183,25.6131405839228,7.07695100925286,27.2439446750742
"13",9.40060686888036,22.8578387481481,4.21463017231004,1.85359323296502
"14",16.3867672095353,41.7707564608511,3.97379300309898,15.6916228641292
"15",11.4569073466313,17.523984897144,7.97575041946285,26.6536386164888
"16",19.4423718236156,70.0063782534518,0.725907086537227,23.9692387559155
"17",15.3820897780835,27.8925769695536,-4.04484277129568,-16.7984325881398
"18",10.9462383016647,10.3335019649799,8.25757084531478,11.7198893509132
"19",18.8774335315969,55.3100198639688,7.71436113845754,21.1529033637434
"20",8.67535643732888,31.7223630549618,-1.75817506344961,3.96615151362839
"21",13.4033368836105,36.3225739633727,0.431865480524463,13.4543051034815
"22",19.4099111145216,47.9113717616345,1.65765554114925,11.4045690878913
"23",11.0215798621054,39.9071301081837,3.81622854169888,21.19220030185
"24",7.62769786022597,8.7588091060313,5.93305959963582,25.8297534846973
"25",4.5231805216401,0.516716391501312,8.65234926808573,18.2872187064539
"26",11.3175841907031,45.4484241640347,6.57156566788779,36.5428088725254
"27",16.7334494560139,53.555329793859,8.624535372522,34.8584470848171
"28",13.4056574028543,30.3753457682276,5.61168330097676,15.2875352443427
"29",7.06121816369157,21.6442908080746,8.05396745080414,29.0245879456424
"30",14.0775028906021,29.2618861897987,1.02104329459565,20.3082963090865
"31",13.9170387119297,16.2830038100205,2.62907334059115,4.59769192355156
"32",18.5125829143165,73.104412011743,12.3473692423307,45.7164783755665
"33",12.3987106306282,27.6541396611859,6.87363661433145,18.3869421174639
"34",11.8011650080873,31.1929470275063,9.45582480860655,41.9844191855649
"35",17.2962986196968,50.8385977491726,7.91456912573791,33.5635992392244
"36",15.2068547685029,40.9351460591669,1.98030278878509,30.327960728694
"37",16.1819147012769,50.4570813765965,7.36781581643214,29.4837153635952
"38",14.4353127416532,46.2133420400505,2.66508173643036,30.1133574007315
"39",14.3976083181546,43.4668443018224,7.48249232146208,24.8672676972651
"40",7.6758562761908,10.0326866639137,11.6059957066149,20.6774879832604
"41",23.573343727522,75.1737690233509,-0.925808587797659,32.2627303811974
"42",21.3459450007141,49.6442683109328,11.0406526212641,51.0169582254503
"43",17.8788340371902,55.4259829898652,-0.424089563100521,11.280014904441
"44",14.9385908606117,32.5349281717699,2.9120849251832,7.2589416498783
"45",17.9422356826862,56.5693705885027,7.77380031839022,33.4550310186814
"46",22.7917177638242,45.1279477558633,0.531127926635658,-2.26661629869164
"47",16.3264665673136,42.0789938319625,5.03367879456244,37.5247774636532
"48",13.3856556746668,61.201942425295,1.88534048858818,19.6511393912306
"49",21.4603536620309,27.0408172451966,-2.96301096758706,-4.10134836120499
"50",18.0136129067423,60.2131827769598,3.0867147456653,18.8404071491619
"51",9.99836093347412,-2.29963084577222,9.49321766079964,33.8356343347818
"52",25.2038937942307,102.717903137669,6.44399469370427,40.5040657308948
"53",13.8462541275636,56.3842326430437,4.680561830926,34.6248908483693
"54",7.40356411144725,-6.66395558685196,4.10170184193624,4.3121199326415
"55",24.6930288675896,67.5528220719479,-2.73381845450685,13.9557705584282
"56",19.1250289490577,47.9918455035175,5.26823913118817,27.4573680795339
"57",13.940316102636,38.9707405122025,9.439166917495,54.5260587316516
"58",7.63926143702531,15.8175428187785,9.78484012259107,37.1990284798496
"59",2.07767317004809,-3.305872489613,5.23555804732684,-3.12317992547316
"60",15.0368767563368,20.9891437604743,5.45391748424695,12.3427154011528
"61",14.5079486981541,39.2602073941255,1.17249443233141,12.9133279330435
"62",13.5351359682502,34.5509845197797,11.8845545882979,31.943396899891
"63",11.1231916064785,11.2911096516808,10.7481542024038,32.3101002911655
"64",11.6040263428373,42.6500961259908,9.06806678118675,32.8634421711708
"65",22.4313770322999,67.3997328607526,5.38577148745464,24.3984050398654
"66",19.16304336684,39.4396952662372,-1.17437495454684,18.5546625605201
"67",15.2837302630812,27.3371055375656,5.03985486512892,20.4352261689618
"68",17.345473599701,34.4185583229979,4.01406518561246,15.8232218684123
"69",6.68501321294338,52.9910636141164,9.3535405423026,37.3662226517071
"70",14.3577143902275,21.1312452372877,3.9402866390923,-11.9232354234377
"71",15.3444973538172,44.2894162103752,1.583228660431,34.5251258478025
"72",20.681519381358,57.9308970265912,6.64326874766441,48.1229764972617
"73",10.0291837342438,38.5080833919784,12.529532083385,40.1895655821352
"74",14.9611508238715,52.197768623242,3.54540614632065,17.9004824003827
"75",11.3008845073875,10.8515200822972,0.606782755594242,9.60116126739522
"76",17.5078834573852,27.7841774981515,0.987429561015518,6.5908170981068
"77",10.6730471784403,19.3905425936257,3.77246775780396,8.72361004763666
"78",21.1073457273434,41.0236243031001,1.49934691921516,22.103620910092
"79",17.5782395027354,41.4608494502391,3.61368964598381,22.4997750165071
"80",10.4155441432705,16.8374063932291,2.36185716891719,-5.58107109265686
"81",17.0628669447126,33.5418187629536,2.3295742649775,12.3996697031762
"82",11.52832842053,56.7359800190196,3.29158713051619,31.7048343366439
"83",14.4079710093994,22.9434253299402,-1.46202276476135,-6.59374777046936
"84",6.94026160801887,18.766070090584,6.37348619758196,21.5520169584402
"85",14.7657260443851,53.7648551960413,4.3870299511802,12.9014802618196
"86",14.4715868780156,37.5348693725967,9.60728230918157,15.7428138182319
"87",16.2521500052433,28.9923056595054,-3.58135797015594,-11.2460410188972
"88",18.1161828774694,54.8824303264258,9.20761224610304,38.5598746365902
"89",19.9116016653904,53.1784821680118,1.37988705242043,25.3087535040122
"90",12.0867098064637,8.68628203109339,6.05692036910802,-18.6635474015268
"91",21.0357178080291,51.6316280921575,-0.711955153151267,22.2617266134173
"92",7.04783655553924,10.9052748116473,5.52465299886385,5.42350931525664
"93",18.279080023429,48.5203456569516,4.91681694694819,13.86937176851
"94",25.5752425071708,76.8427329232533,7.47790033492668,53.6136837033338
"95",7.0996421570972,25.5722262423801,6.45423547435357,10.7370617455034
"96",17.3930284526224,53.959114281125,5.91753020502618,25.0491935039728
"97",22.0854005484739,52.6450695991368,4.09386782617239,20.1210903916591
"98",15.5914218545534,40.4393135773536,-0.0533606857040443,-5.41792322572734
"99",15.1943114468215,42.4058191379138,6.00792735823707,23.1664648032625
"100",7.31059948238118,23.0910257717703,7.05153936028005,26.6695426079995
"101",15.0634702071747,58.0123021804518,4.99123198101853,41.2257161284253
"102",20.3389434588885,49.7107686570398,-0.0033188993040314,9.66007212796204
"103",10.4779269234352,10.0682013512972,8.93533646316853,35.4461307711181
"104",7.0770732355363,14.7100634542427,2.82005361625642,2.4497758348543
"105",16.8042523995322,28.2769005807968,1.80754043489619,18.9151310762532
"106",29.0024150662089,102.47550838309,7.37390509314894,50.9033581297676
"107",21.9073811896055,52.5481916340043,1.63167190305247,28.3621165013627
"108",15.2601739345272,50.915298756165,7.03655059502533,33.5831046436986
"109",12.7783075710875,25.3670224214219,3.26816149019099,23.4245377617793
"110",15.583546141194,44.588633227571,1.28584787258516,11.2102030621782
"111",8.08922462141379,35.6923919443309,8.67709893472294,36.0105223861988
"112",21.8982452528801,58.90038824534,1.11888519135545,9.26222107908898
"113",19.6540157781779,53.2684127803709,2.18218441596426,4.65236572017926
"114",6.43454642391888,1.75764484902793,6.89335282879529,4.89311178547694
"115",24.3275837272979,73.1001868935948,2.63451894764223,32.0601323318399
"116",22.4879243840127,82.0678348347197,3.16729315062917,39.2297761758463
"117",10.4298330581244,36.6314328466898,7.97263998623932,39.0788240012506
"118",16.65268031795,49.5072442194101,10.4712566814387,26.1653574750153
"119",23.6924480070409,72.7226190596116,3.597249047817,27.6847762242139
"120",22.2464173121001,48.2386511280324,-2.39367452115874,6.40819096830411
"121",24.6416924378761,82.7261212214289,-0.10983465136302,19.7056288510109
"122",5.82736470427006,12.360712975905,13.7816751018699,27.0865522984113
"123",19.2258331578649,53.2985595818506,-1.45219227750536,23.1852297384806
"124",15.4575539129388,36.6793671373058,4.37144424750157,15.9649647444161
"125",16.2841573855738,20.8218573603715,4.85746672883251,18.041458843288
"126",9.47434697508474,38.1490771727766,6.17140215128219,43.910457878143
"127",16.6712892961221,63.7584163975623,8.58466247075741,42.4610507951835
"128",14.0457016315754,30.1952985105114,0.291623553452975,0.927843318894023
"129",10.3869167258874,38.6238118223056,7.63356650511799,46.7257586225852
"130",20.3265413968486,55.3681076153294,-0.68288637380516,-8.52876832440815
"131",15.0013621743184,26.7431549100431,10.0503815649164,23.516199223344
"132",13.887937412115,31.9373696392638,6.81061642068825,6.23859350224822
"133",13.5530803463181,51.0740821113278,6.39616225873604,35.4044438122662
"134",8.26388934343106,14.8810868378018,8.26379331770521,6.78243585979507
"135",13.245113235961,33.1414912971192,10.0423337917004,27.5316901822967
"136",12.0092626587786,16.4330974181789,1.67704799095739,-1.17245016297671
"137",18.4787702244025,54.7371715450047,5.02617831989223,21.3015667079212
"138",10.9753065403208,15.459162606638,0.508885350725422,8.09018526894223
"139",18.394254287718,70.5217294358199,1.04385875825864,17.6693515654093
"140",12.9872713825048,34.690941087812,5.80294907135312,20.687186273216
"141",22.6483475924267,68.8595919182855,2.39403212725279,21.9732403862626
"142",16.8705967265666,35.7310836695319,1.72774575157316,-9.39132032272295
"143",18.0269306752991,47.4478346001297,3.5736977382221,13.8053283304735
"144",13.102717874549,30.3417705099249,-2.31155270804646,12.2459546385312
"145",18.9274073942739,70.0096230183396,5.86991579823478,31.6782036937209
"146",15.329724408686,39.6356299142365,7.31233298212818,36.5172174343697
"147",21.6667521605435,62.9266191111064,2.54802604232549,35.7605181936593
"148",21.1983145817923,34.9630734391111,-0.442696986683259,5.77018925489439
"149",12.0326438971704,22.9627790496866,5.73303925734832,32.057592167877
"150",13.1679304784535,10.4410492552728,8.46688659140467,19.1357003955829
"151",10.9115964169364,28.9379494094065,6.18046098833924,24.6818967167996
"152",19.6819376606815,38.1725311348828,6.0958102842152,22.0044716497057
"153",6.0598229400209,-13.4576560541604,12.8843403119238,18.5257405983151
"154",12.0592020356918,35.0156007895918,5.3341487946858,12.4466182331379
"155",11.4288183469731,34.8762497582604,4.36978062255471,38.3020838682129
"156",15.0570557181075,21.0165305512095,7.85068255352442,10.2005267370427
"157",16.8690859924643,43.5952034471846,3.23111281117678,24.9725329771815
"158",21.13095836069,64.6238582773583,5.15074883490248,32.6314864347957
"159",21.3168384647836,48.5066154882914,1.91932199614893,30.348319410747
"160",13.2572139452993,37.5765853771123,2.52630147814659,7.29343493914195
"161",12.5922782249324,43.3912330330697,2.20621821189126,20.3510156511775
"162",21.464468918063,56.1128735269454,-0.853974222401871,24.6151443784708
"163",12.5482500854254,43.189909309366,6.22824825314023,35.6656868873883
"164",11.0849296069155,9.94446995557232,10.8691869924466,25.2030581715718
"165",16.3114685146209,37.5314204188404,5.29861884732093,22.2478039842447
"166",18.0249455697,50.1756959925208,10.1142650903062,39.2803692036746
"167",27.2767073116381,68.4819722581635,0.243652030015908,11.728172349767
"168",16.5131386621965,63.7655715208426,1.39091446389019,21.6180840514198
"169",17.620775291471,58.9654086873581,2.36528634809975,21.775705179501
"170",17.2209825933973,60.7553532871414,5.06037668025654,30.4812703432911
"171",21.4643754539331,58.2844175077121,7.46680818123642,32.2624150277652
"172",13.0482523770054,33.9282286126247,8.54355307391348,22.6318303333317
"173",12.6843578752089,29.4882600259876,15.015276617953,50.1619989595962
"174",10.1227449554209,38.4032814481837,8.27715611881991,42.792984547829
"175",19.5406279022923,47.9918606156042,-0.943898420300307,-6.86963845168763
"176",5.73234152742422,8.22421257345147,12.2922298760042,25.9963149890977
"177",11.198275276596,37.0323227940631,-3.92198693657906,-6.70620402033618
"178",6.52715701336588,10.4406854455459,13.9321258267116,45.2285449634641
"179",21.570763079894,75.3572948873577,6.7590457211639,38.4559588850937
"180",14.3260324068052,48.3378842086727,7.3244764889296,30.7450590591202
"181",16.4485193549072,57.112042605908,9.27278646174139,44.4725549165183
"182",21.9679714745392,63.3058610055123,6.12514858612508,34.1474151270905
"183",20.8738049933855,51.1551005941424,2.20216733554794,20.205620553223
"184",17.6167226721074,69.5725568069619,9.98549239262038,39.2842214812442
"185",18.6840223669185,47.0860382979398,6.47989762907411,23.2586907734952
"186",11.440677662779,21.2289971815732,-1.01055439095808,-9.52423832088686
"187",15.2652584267363,50.1701277697481,5.42892686770156,26.1591731547904
"188",15.9816971222963,39.2241213965604,8.86941791547838,42.8250515003006
"189",15.1172700209731,31.3880554249089,7.83798464817526,38.6688772616167
"190",17.280569546516,32.8399056696892,6.38211548331251,25.692736726688
"191",13.7204988804591,22.2956700535891,6.98303187655727,15.6133471203304
"192",12.8577165550697,34.0716692627251,6.04678112141257,21.5723853802726
"193",8.61457945607326,10.9200347977289,4.03642206572088,13.0332284455997
"194",16.9420064650849,32.8668027852296,0.814025167022895,20.0392393082894
"195",13.6310611323096,11.0135350785612,3.72565004020921,13.7146583465846
"196",7.80398755112103,20.9413370651371,3.52227725514699,12.4378099806074
"197",16.6763329109425,34.2197315142561,3.25008067048783,17.361061944663
"198",10.1126047442827,20.5884972792396,-0.258664187846225,5.72798553298024
"199",18.486127427923,6.37254889304015,0.171812676117929,-12.4307066495051
"200",15.3137610850394,42.9796612450693,-0.0616925966338506,7.91966807728226
"201",17.2949777206235,60.0363936032848,0.648760389391004,14.8114084113442
"202",23.9693951175698,72.689919219142,-3.64127535906633,11.4708015700715
"203",3.77426107417343,3.44517355201836,11.9126964287069,42.5101612940548
"204",14.8797310523621,29.0428533008404,2.10707367043162,9.30447410679959
"205",16.4052401529853,52.8311816076919,3.18429593020138,17.4815437834725
"206",11.2157170543292,5.45742608909289,4.73328412247047,16.5975029298157
"207",22.13988044486,48.7098714843803,4.82880092846338,19.3868559508369
"208",21.9659095348942,55.9279306660403,-2.38975666542511,3.04078618483119
"209",16.089909275457,32.4095856275096,5.88190299407873,35.2488222563329
"210",15.0392720439451,38.974678466303,-1.15367373906758,9.8655081061822
"211",21.4021953112742,70.8453181653142,-0.199493122683952,12.9656450896312
"212",15.7735552874148,34.4528902954057,-1.34514209508809,5.28869133727836
"213",23.367016768261,58.2763786396274,2.97519551556074,28.1645874502898
"214",15.9437817750912,66.1553148066435,8.94399675358885,55.8495322852277
"215",13.8796881703105,20.8933338994856,4.84961217947898,2.61468465567921
"216",13.2150564287506,37.6596282423045,0.62592019933693,8.64222662064927
"217",14.1254588467942,36.0415067657455,7.36988950875494,15.7284433977599
"218",12.3784884137187,35.9655319600198,7.27084623431766,17.9658927660917
"219",23.3326987961424,64.1715751756208,7.87810622622591,40.8739138421462
"220",10.8978237891705,50.5015664934705,10.0049130613393,50.0548387354069
"221",23.5150519203492,78.5872890061019,3.23438571622119,37.069053331574
"222",20.9904591299672,46.4983540354785,3.07123645012273,2.96002327770986
"223",14.5610331601173,14.859155461127,5.56831549430175,21.9596518762071
"224",21.9844026630346,69.7721973768288,-0.451480671085167,6.62286904221981
"225",16.2737319343134,45.0234238136207,4.74304829778948,21.9676566567689
"226",19.4676983364505,52.729885749633,5.36562757100111,32.8200028926757
"227",16.9892882409555,43.9976407072961,7.0950701532294,16.4939673012024
"228",12.0476486970722,43.9907401945495,7.28567936567071,18.7459126316924
"229",18.4756702678888,59.2302258756146,2.56676349931529,26.7876535221761
"230",19.7802043251596,42.7941436778561,-0.083257819986688,26.047222285389
"231",14.853118713803,43.6822132044996,3.75215276815545,21.0239535736418
"232",16.0124891798263,35.5303190222864,6.08860373851511,28.3295843864468
"233",6.31219665514712,12.9049965621618,4.06733710719102,20.2232339012852
"234",16.3631790843855,47.2501966523127,-2.71157023936947,3.38595980424699
"235",17.4283324864202,34.8816835940231,-0.462786180940507,6.94163683567662
"236",2.5047455414445,0.268631738786276,11.2342522125373,15.5770688766435
"237",15.8840576299146,39.9650903979821,7.23475813659639,18.2226962225908
"238",21.2288620595877,47.2756672858164,4.19661680204898,21.7417394026314
"239",17.8547341082248,42.5948673461151,-3.02921822690569,15.4646987611287
"240",24.3087996988288,81.8006457456193,3.56602677257553,43.215288964122
"241",11.7386700999945,40.0964186264393,10.2242498119249,38.5322758452312
"242",21.4322107991544,77.8206656391867,5.59185019947634,42.846703589774
"243",8.49422028184805,39.0302701010991,7.15217465120208,35.3106319171467
"244",7.63095355113024,17.016543324781,9.86119685877132,17.9134172722948
"245",17.9303321514678,39.0132558766113,11.929750910404,31.1346394854206
"246",13.1050030376638,52.3253950713463,0.488854572348195,26.140357774255
"247",21.4241427912537,52.4844770584661,6.65116195538784,15.1806003309496
"248",20.3891389225096,54.3492685290545,3.85895830239408,31.3230502630998
"249",17.0785526349258,43.9465949921521,4.18843153240857,25.8304032628088
"250",15.7948909581912,39.3675347716188,2.06661405144003,9.69216751055117
"251",13.8253499892233,42.1608158281283,10.7137706084391,42.9613076456737
"252",7.75983346770664,23.1304915307988,6.72807336384725,28.2296908317697
"253",17.1168733010866,56.7169956646445,2.28314071048833,31.8302722805645
"254",13.1728819920564,21.1727852732514,8.86792576597837,24.2567230852482
"255",26.143034181615,67.2153269308604,0.583122152568944,24.8136603481079
"256",16.6239551020485,35.4978625681106,5.15036342436951,37.4988826952354
"257",11.8190059227819,29.7706810098595,2.09448527695836,28.854731632383
"258",2.86073327575081,-14.4765996095869,11.2688175788873,27.9990874994389
"259",13.9147753663649,56.8955972409772,6.85379859561123,50.558865287567
"260",13.9793458910496,27.0305403214765,7.50500858076621,10.2463697779987
"261",18.5340245133864,54.9459708673675,7.6450681924102,52.8006491889643
"262",18.7731942366343,73.0641978601823,2.50130272019349,17.3170765534625
"263",13.1567038107443,36.2514366103723,7.357069124266,44.7911734319705
"264",19.8099237482549,68.3410587605664,4.72076611033968,32.9077030935615
"265",21.7067118252682,59.9149070393277,-5.19392037424114,-17.489505229061
"266",20.2883907215681,85.0826262471857,4.37123090554267,52.7583882052655
"267",21.4932142160536,64.5851184053952,1.32817356066278,19.8838378445196
"268",18.5734388107253,53.731582361811,5.87033724136078,37.6399783280498
"269",7.7103651723548,13.3340279791496,6.91578696830465,22.364487971579
"270",16.9119271461237,43.5054842720106,6.52535813499421,39.2853068348761
"271",9.82135954200768,35.8433097204016,8.42600285614872,30.5477954111137
"272",24.918738776412,71.1365337496986,-2.17905412748561,8.62346559526801
"273",16.3019836369127,41.4649709811654,3.74723472051399,9.42462931653147
"274",12.0715439572064,45.117445360154,9.35250512573516,39.3667740227745
"275",13.6235712599671,65.0597893135191,2.96962036927828,20.082350220953
"276",16.342510529631,33.3502481658463,1.44039180802455,-0.296356168676542
"277",16.9469404817817,60.9303505294278,5.46693152492262,38.0347776217933
"278",17.3593564050255,34.3732427294164,-1.73569678713596,1.78899954893716
"279",15.0257473810626,42.2984848885611,7.97057170845041,43.7076700558669
"280",12.2981810765721,25.0357195108995,11.6572905578965,44.4874513729048
"281",16.8064385027619,28.923880821737,1.66929761212246,13.040106957426
"282",10.9398184889433,36.7060771165324,1.46671308937691,8.11109659551064
"283",19.0339984018412,50.310349200539,3.15701722143144,37.5716439522028
"284",10.8806004723521,21.5981204309802,7.45194277596375,20.1055804010112
"285",7.87357243174625,21.1619416001588,4.82538785551936,10.0426089280728
"286",11.4237922385663,28.6895070244896,-2.50265091561982,-6.63128173749682
"287",8.71233289290767,44.7467609320357,6.88793773547801,33.7925148769814
"288",20.1788418183384,53.1543434380293,6.45887860346564,28.1240131934783
"289",23.0842011671337,75.4141279491443,3.586470008121,25.5858098043676
"290",17.6954021160777,31.4817952765324,5.54829978587644,32.1284286232854
"291",17.3248075607686,48.8279041833674,-1.09995320421206,20.3247031808296
"292",16.2277957808429,41.3920023616395,0.596021259912114,35.3673435392988
"293",14.9364848112949,27.5168551418415,3.6401226565805,24.384722094663
"294",10.9486922979978,14.3363481813689,4.26867768873153,26.3157032441613
"295",15.9836293389805,49.9424910531336,6.84913808824026,21.3311191994637
"296",14.1276726531787,23.4665038931371,3.0497701994679,7.25282363634919
"297",16.5407934010833,46.0219227487074,9.27930258544672,35.3467096621221
"298",17.037111830893,60.1173051529954,-0.583862023313132,25.4412665617674
"299",12.4148118601427,22.1579860026661,5.46356165725197,13.6346581895935
"300",10.3904134904828,43.7628266329084,5.78877139737298,39.6373863650392
"301",23.3757376065933,77.6590304617649,3.28662689915435,19.2640490293622
"302",17.2154357925644,35.0372841229872,5.06800872548715,22.2335768657474
"303",22.1233345574283,45.8722645564452,9.33735946452119,29.122127987002
"304",11.6004890278189,42.6396754349398,5.28467301303075,30.8292216648775
"305",5.67182194441871,10.4946031715838,8.79695825452899,31.3109445330237
"306",5.74970444609726,2.8575038380853,1.81862280683465,-10.0673590405611
"307",22.4387817284895,71.4093501684992,4.00911233329336,19.4976269394435
"308",25.6255236613412,84.5766220764679,0.12863465566655,16.4953199433534
"309",17.343451086422,57.6524597125512,3.41249891999531,39.3288233841395
"310",9.60316547543146,24.8043453662982,11.4147215654972,23.0233547061734
"311",20.736098718114,42.4393216384453,6.49737063523918,36.3817728959145
"312",19.0490051464132,58.0868943458519,7.04849023744757,43.1010806515111
"313",16.2958339978389,55.2610176076772,9.10455992111211,29.5458303807311
"314",13.3215170952434,39.9254427372062,2.69702045593278,23.7139294417325
"315",18.1756262044144,39.6903089880092,1.43917961931342,11.9155472150122
"316",14.4222410856402,28.6748904029461,6.26454984742064,13.277464267431
"317",10.5089808579804,19.337248830063,4.78455214669791,3.40202136475515
"318",14.4134846147403,42.2479635481237,9.53931385127934,29.4949770334988
"319",17.5010290224872,61.1036024365941,3.43584318077,23.9322476250742
"320",11.6553530424272,32.4607157051618,8.34884776819034,39.5367609923264
"321",8.95144656465239,27.2874917570105,16.5635509386025,61.8035255895661
"322",15.2842591903486,34.3980901624783,0.242754794422322,2.36158622732275
"323",16.2506681678627,34.826785470193,7.53414191092815,7.89268066078387
"324",10.3107258211788,30.2837056872452,6.95572811231018,35.7261745734851
"325",23.1770415413875,70.8057780739556,0.227253887488565,5.57216992131319
"326",19.7334030993097,59.2591586297815,7.34570953748844,41.8621629724445
"327",21.8417730510271,55.3068521211491,2.92171511261734,30.5145976516851
"328",26.0578991976532,71.802459279876,-0.29981577630813,24.5129370941817
"329",1.48569388764277,-20.0408838961065,8.43009473709573,9.69993977121791
"330",9.98523503185799,21.6117709026424,14.8842971245194,43.8121240103447
"331",9.65764794830181,33.169248162635,7.28203325870492,17.2704765468569
"332",7.90411017273739,7.94253736654306,7.76247787816567,10.209362393215
"333",20.3537167369142,51.7797548377709,1.22675322372824,7.11347743259685
"334",20.1817509070043,56.3444481036816,1.57074224944559,35.0317050344684
"335",13.6291158273324,42.1422796341065,11.8229812467453,20.7924590480001
"336",7.96090649024335,9.47055825237436,9.14036240784763,7.40138862567675
"337",18.8490029464104,54.5638719877797,4.36168526188558,31.4731200212501
"338",12.1551668055355,49.0430265446898,10.9764648592597,40.0258335487914
"339",14.4034354772161,39.0829758769593,1.227140721701,5.84469831286024
"340",25.0345031044979,73.0865779227587,-5.56771138086069,-1.58682380639149
"341",17.9650635773855,61.4846374318127,7.22567325865405,31.9595851724014
"342",21.3078103436692,51.567915769668,-0.709103637191586,14.4397243139851
"343",10.3344790282911,24.0871118919621,6.62677085821516,16.000210642215
"344",10.4315036385725,16.8114000546968,3.96186220342413,15.0036299619477
"345",11.9933889339553,40.0672781275686,11.1080988628084,60.2312578766432
"346",19.2458501904109,41.9808299840427,-0.52575740853931,9.5760490990401
"347",16.703914902835,21.4651726656497,7.00611953218255,12.8701837017224
"348",15.8471008856213,39.6664783565898,8.66539173698871,34.2241624061497
"349",18.6958620917516,52.8125701722079,4.39072620606357,39.8515060116172
"350",9.23909406818409,35.7401533083845,10.6560525070527,47.6650775529322
"351",21.4998563263219,58.7984724441563,3.76148578012852,26.29565484534
"352",19.9797476515962,63.4051386407984,6.51704053744603,25.50378422965
"353",20.3530121682537,45.6251723097408,-1.11285564165726,13.5966769365815
"354",17.1196156201765,58.8275947683738,1.73283781333157,9.7416210778908
"355",9.28953052613192,19.8841439552273,3.67555995950064,20.659274153999
"356",10.8332516247791,13.0666369642434,2.07605712811338,12.3033754942211
"357",9.13887840078234,37.5990439214227,4.61357719273726,25.0073935445885
"358",11.149113927611,28.6608467409116,9.31017148878299,22.4078513336108
"359",19.63508511308,60.9165219678762,1.45940674242871,13.8367713123303
"360",8.87292927054176,12.0257542630475,1.74992415717067,-1.04785237497578
"361",25.1296058204849,72.8764956298445,-3.84493504063629,26.7336442036363
"362",6.38793435450835,30.4288321932337,13.3402704522608,49.495963707753
"363",15.007289088872,63.8035965773732,11.0178953466014,47.1438261416678
"364",12.6053505355105,32.3098186677904,7.90276688161571,26.4443631576612
"365",11.5519660371983,45.6275241976016,8.71658853896754,37.2313002774082
"366",10.1798202602294,35.2175607392716,5.34985751635343,31.6270468627909
"367",8.46751331950322,18.1598858229975,7.38861911137809,11.7542002485806
"368",15.6944703823695,20.9029989954172,5.55081548537711,17.5303503372306
"369",20.2888921132307,62.0180228998285,2.07224848874302,11.0610346324079
"370",15.2017686289608,55.8675949049235,8.78177257247901,36.7012657262731
"371",18.0531484760659,50.2801307692325,3.66834941789359,44.6669699758528
"372",16.3676759991545,61.8477606030413,3.49438036275937,46.2249930084784
"373",16.8277448132247,28.5602132192162,-0.189583351484743,-4.98040938685345
"374",16.8280240241402,42.4871177985096,4.58906044038237,11.7844377039987
"375",13.7790676345376,24.651680075464,6.67941021442218,25.4936481596386
"376",9.27770524701522,16.710423112149,7.21881503515881,21.6036388036366
"377",14.9497416046215,24.5687656260902,-0.316986448025025,6.77448625030036
"378",21.93768511459,54.1365360712321,-2.85953609662651,14.7225263508661
"379",12.4165724294179,30.9305563511581,6.05213676699608,46.0809037432548
"380",25.9491624774558,63.2325405197773,2.69742897638056,24.8932328947916
"381",18.9345175533868,61.3728136515712,0.110753643995102,29.6188850493006
"382",6.95639267170865,-11.6454954369604,7.22612634711885,10.3441813625021
"383",16.2763466244866,26.8134081171302,2.92081103568945,18.7791395309478
"384",15.9481935688158,47.6271160677194,0.349291572369531,23.4473919958277
"385",24.7024726879295,71.0146692096286,0.665777001128955,19.6542273926952
"386",27.4298678172638,99.0200627464823,5.79713405961939,41.9105742344328
"387",17.6100289800904,39.5491317151931,9.31997222102945,36.8864653737392
"388",14.3234641758502,39.5916984143488,6.43220552303927,31.8490011473871
"389",9.61969882632887,32.4369048357369,6.91187611114356,30.8462746405362
"390",17.6373613704067,51.0454158928761,-0.335285242178756,26.4976733657561
"391",15.5489960317097,38.7827188951881,8.56957008817193,31.1834632467824
"392",10.8735514604066,19.7204940597342,8.760485273308,20.9002874270188
"393",15.2263824666784,34.6353094458342,-0.0464183712318773,-0.0836718466614172
"394",12.5278402133154,58.3291575517257,9.67458325414521,44.8089677169529
"395",9.21181828257817,13.5970926133112,5.53956155078774,9.72781656418645
"396",3.52624041496726,-3.76683929378413,12.2977084186255,27.8260132554872
"397",6.30127878245623,8.33545822730185,9.24404772532095,22.1795070083253
"398",23.1186252084634,69.1388505747219,-4.11096198537223,20.4695311984335
"399",15.079068976588,26.865563403767,0.950804830982632,4.22890711910196
"400",12.4716217370162,28.0488286009886,7.96627621726141,19.0059623262417
"401",18.3160022170742,63.4527730047448,2.8478940483287,20.7943756034192
"402",9.31644731127447,41.2526682556665,13.3257847663681,47.1161924093763
"403",13.5213310725068,16.5712073325791,2.51344265850671,0.355355050332374
"404",24.3611745081306,48.656143997934,4.6179920974364,9.20158963473286
"405",16.680782159801,37.4431813217421,4.12490417099539,30.9138147173493
"406",15.8481914676305,44.3340682329415,-0.559068611991029,-1.70994643830228
"407",16.0372068269622,33.578626378949,4.4811335299886,19.3111136230589
"408",18.7453483506306,36.4832665350944,5.86032119272111,28.0670780323203
"409",13.5725618198819,23.9393476448225,7.79133206256198,21.8830424982323
"410",21.4288258679667,73.3139476243193,10.1920996130744,56.6903902810796
"411",4.08678810577906,2.84110466859708,9.61993520808665,13.4510399273352
"412",22.3245969520348,78.4875519628301,2.98283969984409,30.1219711333592
"413",13.6268883788098,28.5261243846053,8.37324355495368,32.3088128047733
"414",11.5963384871137,36.3906183174668,6.97840322576084,33.9014056662581
"415",15.5116103485678,20.9243893695991,5.87010794871102,22.1249511438786
"416",19.2345352192713,43.7291514193792,3.63941551743294,29.6877165339685
"417",14.1029957677931,49.641353627395,10.2290954515217,37.9423338409142
"418",9.8762858464299,22.8167472303283,8.25612991050982,34.5390159411114
"419",12.0104937977152,22.102801088577,10.4451330612261,31.7052582939929
"420",20.3875220608365,55.1216718568306,4.25573131611793,23.7783131265254
"421",9.58604148541627,14.8343514870122,11.3742675101522,19.9458850084247
"422",27.161228523733,71.0151288466932,2.22825728520688,7.17355840914023
"423",15.6715627771519,40.8132753490285,6.49818506460891,20.5208287974237
"424",16.7969824180452,57.1930096730612,1.86090548356316,15.5449227148695
"425",14.9504946583139,46.6993486922488,2.57802012755934,21.257237064049
"426",11.8258123833224,31.1256721618762,2.0050314179476,9.98878162966383
"427",15.7081566654707,51.4546164780804,5.68194058164006,40.2419739551261
"428",27.2838237013064,94.0943621085776,1.00222937700715,32.462756662817
"429",19.0524179335582,26.2858753691831,-4.04796232379122,-6.6133509067461
"430",14.5200043260244,58.4996514892199,5.20360356151155,15.7515422153439
"431",16.0980535788886,17.9735798359928,5.27546182669966,23.7416774965133
"432",17.5870142851334,37.1775195389402,2.1744674156201,17.6102263638892
"433",18.7682315852552,69.254690284987,3.81104390309918,34.6676853829926
"434",16.9237355215763,52.8966607526714,1.65507285245806,27.9937414741254
"435",8.0896835908663,1.96130003400514,2.68707065862324,13.4767862080923
"436",20.1874751628214,49.9362595845936,1.52478767694369,14.7843405585431
"437",12.2600414003934,22.3057016768018,-3.65928557370682,-10.1194254788667
"438",13.2054072498185,30.754273124774,11.3660615643753,40.8627409072286
"439",15.5210583080509,54.4182744620772,10.1344113416327,45.0004406605428
"440",10.6877413823587,20.7994203454106,2.274057941829,5.59887273622576
"441",14.7237711036949,41.2325780540813,3.28509152836733,17.9222178907377
"442",17.6042927062253,26.0669304700213,-1.22908464619447,5.00765472994656
"443",15.5491547716539,35.632785826288,3.11678623349992,21.315692295575
"444",8.88951465805662,8.30640266985408,9.03439794177421,12.1992835208108
"445",18.5901389853958,44.4422974906996,4.4677838257653,26.9154861649004
"446",21.2591786730004,66.6090635809419,4.13486184025712,54.3554893383868
"447",13.5864543718243,35.2101880064082,4.63706913090117,22.5311879627639
"448",12.213520359932,36.7110005156482,8.41148082285921,26.5136931290698
"449",16.0115806570791,40.0695878261157,3.24836602859337,28.3132872035317
"450",13.5548026031532,46.9971151208965,3.90912651211296,16.4464708810029
"451",18.6203217139794,52.4495831475317,9.22986528271543,38.2333884031119
"452",8.69201859515888,13.9441247256006,6.79373293239736,30.0118143009841
"453",11.6159006453274,42.9670233158785,4.65427950045473,39.8977322797531
"454",13.3336690752772,26.940355241208,2.40027137938503,6.93226346738694
"455",12.1577945788906,26.728885940254,3.29195555858896,16.1153380649194
"456",12.9610620984508,28.7464035336477,3.0786375639182,0.766009950923497
"457",10.5980210931029,49.9926150385395,4.72376851571683,27.2369029189198
"458",21.3170073654608,71.8704034178964,3.0777781133113,28.5295109438082
"459",15.7786322031926,11.3966297140457,-2.22690183689549,-7.27044616249839
"460",11.5248574739169,47.4938147548739,-1.08839758913119,16.8673988007054
"461",14.0223851145207,21.167919153803,1.74237847927472,20.7276402490195
"462",14.9197672795453,53.7025753386743,8.77690644787532,33.9369174708595
"463",9.42700666407378,48.268718365583,7.49457476648334,36.4753414091782
"464",12.8184441352239,36.6122406906501,5.68614903013727,26.138951301015
"465",22.8062108484032,72.9729591426213,0.969112778462956,20.4093419434946
"466",12.8758813636867,36.4293476140935,0.184041729129914,2.54875598211735
"467",8.38363753923308,18.4071745282692,6.46148565397406,20.370072199607
"468",15.8565190966946,42.1938599605495,3.14367546727634,22.0158692950477
"469",14.7080838911253,51.2650668929268,4.45872589892813,31.6043700794529
"470",14.4094593461714,45.2048838494684,7.19573540781207,40.7829112653802
"471",10.7353037430701,29.356177367701,1.5208680439675,11.9428814923658
"472",24.5496065988243,58.8986624024566,1.4057623393512,16.0857369446161
"473",8.10708162118296,18.8800289361388,5.60033340076997,20.239943509207
"474",18.5584996954587,43.0710388943806,8.91560172508995,44.7197800118577
"475",21.128103935245,55.1363976549337,2.93613117716254,27.7844097461888
"476",18.1213508085731,34.3377431910409,3.54182047235791,36.6901521811649
"477",20.3382274716757,80.3352879861686,4.15315145435891,56.5287231039107
"478",18.5569434646595,79.0123311268512,11.0588348324274,58.3052646124716
"479",16.5738135762846,61.4282955151264,1.94216340128135,18.2796926867352
"480",22.3248660351065,47.3851106324589,1.31932019132175,9.37030215961102
"481",19.5775586904289,76.472201147005,4.49622122412453,35.1545745321676
"482",19.1190283075003,31.2282040066161,5.4509525770216,17.1814026777986
"483",6.52443408915471,17.0582991530086,11.5481961054997,39.1461225961754
"484",15.2835897173702,40.583633486692,3.69709774159154,37.0607189685514
"485",8.57445820055952,11.8354742520143,-0.879221658607806,-7.71824160708449
"486",17.4099066927964,42.9173779925033,14.1412789733375,29.7058350320245
"487",20.8361671127619,67.8020769317129,4.84744317910087,23.793628694217
"488",13.8025350538423,34.9245032865332,4.56417060487831,13.3044304841468
"489",4.11851634169688,-12.2738342451839,7.96559416781597,8.11420463515235
"490",21.0073016668233,56.7168489510226,4.68199040469629,21.2811635946086
"491",14.9941454374572,58.7631493418983,5.57287038237375,34.1665481379888
"492",15.5380091516362,52.7545299797042,3.21676832929674,37.3684201998869
"493",16.1699552475319,40.4224754995732,7.94428949420398,34.8928524547674
"494",17.0769629623711,32.6956444383852,8.76524366327631,44.7099093280749
"495",13.5802479704258,26.9689568431154,1.99150073264417,7.77263905483133
"496",14.7884524805626,11.9765547771054,6.72727663121541,16.4030615506876
"497",18.8827873378297,52.6990342711615,2.345973589507,20.8163920677153
"498",9.82265863166721,29.6873537920759,8.5242390490799,43.7065836432439
"499",9.97489049449876,34.4914780096572,16.1226816010712,47.2625915412146
"500",20.1533207110482,44.3587194566725,1.4588445398717,7.90433173484379
"501",4.27102990140651,13.9532050804833,9.79167590606255,48.4680383185555
"502",18.2865219576812,63.242747403622,0.761124431411321,33.6672772713555
"503",13.9974005809759,37.7954751507644,1.96866719870587,15.5847105434923
"504",11.3236147542853,26.1023495607452,2.65348891168335,15.8374338816745
"505",7.06742159154074,39.1578654325403,4.93821240620634,31.0910598590727
"506",19.7773381219081,46.3876233368845,1.66587537405322,9.85141113708923
"507",17.7516825399469,44.4195000906859,3.75705087761916,20.588981518062
"508",9.42236772810592,30.3110512653931,6.82278043089784,39.9766084099916
"509",16.5987602744431,47.2984704414265,6.59160369469791,27.5793200493286
"510",11.8572870787053,41.2073864711563,10.1376758178133,25.1223086349235
"511",16.8890971998377,37.2138867175155,1.13923897682642,3.67204277730596
"512",11.7377190914182,47.8095140842531,8.15431831138783,38.2930274537231
"513",11.1419561815336,4.80075409126856,0.725369266044562,2.37163416121599
"514",12.7308515718394,31.7046685358164,5.60332964629558,14.4056213685736
"515",13.1773311560444,53.5446059961969,11.2946359638419,43.6681317779652
"516",10.6887036379409,32.6515866576001,8.15993347632948,40.7833442281566
"517",21.6532775979527,55.583799574152,2.7616344704305,15.5716717475877
"518",6.76858839325076,24.2613391919375,6.54841142238178,37.4623599342426
"519",15.4205364374246,51.9800832599567,-0.0317339939457923,17.2705109972044
"520",19.1823023166041,59.3147154041192,7.1026776056682,17.0858647696245
"521",12.0195291122244,20.465108507572,2.61348122383703,10.8125854331186
"522",22.7936039175336,84.870581127018,-2.40065293786006,19.1938327527648
"523",15.9231875780515,32.9436801923246,3.3043661545966,23.3436120990592
"524",15.2213626776434,29.4168324939032,3.69000576890601,19.6450766184094
"525",8.89325792408617,30.5643406349013,3.79652960547655,1.18865589397737
"526",17.9748380014092,65.6474400917565,11.5502120211429,49.4306073659869
"527",18.4841259807074,53.7468022352873,5.2067347809255,30.9480299901047
"528",12.4280675535948,36.1889756544724,13.5110095929008,43.5412898875632
"529",14.726893656603,24.0907878534183,9.87957070957731,25.9665418566849
"530",3.4393300136173,0.894781608734014,12.3602246682881,28.6393735220613
"531",4.92739953288427,19.9118975378113,11.6984970772658,42.8543359215357
"532",21.6048373022214,63.1495837841755,2.15468532039843,20.2174012380537
"533",12.6074582893053,30.9717525100176,2.81852755263617,27.530671316926
"534",15.7635963948385,50.4825597342783,5.22029544945151,19.1964615030774
"535",15.7212566334127,45.1049090166135,2.5979110847537,12.8201594070484
"536",10.3670897155493,15.2492069822195,6.75999800799678,24.2250448461623
"537",13.4921215608305,24.0259214233901,0.736343735316938,12.9456115932213
"538",19.0947490847171,68.8104764332817,6.7715211043992,21.1872487866556
"539",12.791427317648,33.8496635691576,6.72926294426351,26.8793238175367
"540",10.7884772973103,26.0741249869387,6.40039128972097,18.7449126747434
"541",22.6875452268122,67.9089642276808,1.58301767764194,-1.25079710686875
"542",12.7940519180353,43.9307343270044,3.69869403908241,23.4836621159967
"543",12.5260437380839,26.8457623949722,5.91273470766258,24.8061608700977
"544",17.4917815681793,56.6643807841013,2.78953954085425,15.8967377721424
"545",4.50664771707569,-9.00049705673347,10.0106701101382,7.23996454630461
"546",13.6291825765886,47.2498936671386,4.50571509428716,22.5711321988616
"547",24.7237945907043,72.6845043996935,-7.30415224226861,2.86663066770943
"548",17.7880435638627,44.1760885942307,5.94537141626016,20.5594237640082
"549",13.9037548195697,34.6825780061013,4.45950736220545,15.5702690039925
"550",16.8553113866345,50.8576994685356,3.31456118040012,23.6917514018957
"551",18.3649210886023,51.8625910278301,3.22476421016702,9.53209702834175
"552",12.5992618666937,33.508527149059,5.84589764462769,25.1882197313693
"553",16.4077363945143,44.8773247987854,10.2390576568019,22.2193980904026
"554",18.1909299376045,82.3981131543651,2.44771159031255,44.2156887160219
"555",9.62454046425989,24.3230979374758,5.43526408316774,18.0500681940678
"556",20.4924921037449,80.4109017507213,8.28283428661669,50.3500154106162
"557",13.5597975666327,24.3137383814698,-0.267279212362557,-5.19926674334762
"558",12.5615698369565,32.8685106266225,1.84934268958922,5.18159790370427
"559",21.2245913235569,62.5175536033799,-0.124635977361439,26.8754893116481
"560",12.4215676668758,37.2452313928446,0.777234487165896,13.8521884765298
"561",22.0932141237962,39.58470439695,2.75205214026828,-2.25132972954692
"562",19.3248886517371,49.9906266858196,7.40413362005482,46.0141209711808
"563",7.47867924171714,9.23907594027729,5.02272318803969,22.0719274041457
"564",12.5108960291495,41.479467977552,7.24237291996752,44.842039367434
"565",16.8761359819972,31.1443871306773,4.63083981409466,14.1115031171141
"566",12.3661183625352,13.7936898629131,-2.05188428963686,-7.79296564240576
"567",19.5868665337267,86.4080379951143,-4.41945276752679,15.9037969453883
"568",16.515622342827,44.84964563231,5.70734532918378,26.5863090055108
"569",13.6430400962514,31.8066871821471,4.43490867833628,22.5671312634292
"570",17.6958901816065,54.628479137226,9.94198406215128,35.5263341334134
"571",13.9310302642314,53.7802508737232,8.13213486191889,63.1692134014656
"572",15.0163273110428,32.4915237802604,2.61380790413222,21.4593812301964
"573",13.1342439995974,12.0559613838152,6.61800543401856,-3.36641005580435
"574",17.3910712976225,68.672869230908,8.20394535893745,61.8599348843923
"575",24.6256399066146,76.8271714387509,-2.4687062988577,16.3563302746972
"576",21.9587875158897,86.0217539695252,1.63028661568381,26.3092235693519
"577",15.804237540331,40.4528503314782,3.1641339086042,29.6196334116283
"578",10.8677638985313,27.4313363399561,2.55281506740872,18.3877034741302
"579",10.3545089282036,10.2649197518444,11.4647772416103,26.0531267531567
"580",11.6019708091101,34.4312512108424,8.99752483550593,9.79163447979485
"581",11.1991892338103,19.9474270134198,-0.358708048084322,5.28897332886706
"582",11.308653325658,14.601965112241,2.65297059165404,7.94295217773786
"583",13.5467915801924,16.9827750787351,10.367618623715,26.5808762053113
"584",6.63468972013224,14.4598130405499,8.67785162511876,19.3476102492998
"585",15.1411593397367,47.6268688169089,7.002034641222,35.0110871561992
"586",16.9600342659614,43.3606598671338,1.37153122244385,7.07568275438633
"587",22.820503719525,62.3420675637743,5.07129508562873,31.1588557025327
"588",14.4133093987509,51.5160929364994,-1.58342501660614,10.7690597730619
"589",15.5821467320778,37.4099013711448,6.25687115030166,4.58288323128118
"590",17.0751017642355,36.5731023619708,6.97262285343398,7.30834929779224
"591",13.3604540928094,48.0922396114644,6.32111185213354,29.9727889167848
"592",18.8339814453821,56.6856273733554,5.51300896920455,25.0041625128955
"593",7.07533053825066,-3.60091301458702,4.40984603015279,-2.19174013938496
"594",16.9550301448353,47.4929703310834,3.97971753265902,17.7984718828426
"595",18.2117828217325,55.0835912736713,6.20951627218787,21.381673273492
"596",21.5629544806399,38.8632801546929,-3.07195894866208,16.2220372764213
"597",11.6649228942624,12.0540656254945,6.97865100614857,17.9374115035691
"598",16.3864409858053,34.0669931866738,2.41045362674076,12.5750840338604
"599",20.5951831808485,69.8847116947645,6.75787465468307,38.772504409457
"600",16.1443457777805,75.4256849207939,2.76610059580372,43.419527596653
"601",6.54493062426153,38.898993673782,8.70260301135662,34.8024776190565
"602",12.4633924129646,39.4281954595289,6.41592324314017,32.3231611061642
"603",11.7232508264194,33.7901638790217,12.9153932728564,22.7530469632453
"604",18.7057263206741,54.2566163936104,0.485172101962449,5.5334954474278
"605",19.4895739156935,52.9799260388203,3.6680947881832,18.9836123629824
"606",19.8780596844706,60.42751487856,3.32467144222111,27.6304840992439
"607",5.28098176867604,10.8850945431138,3.49813453797063,10.9170804994978
"608",23.3100830777679,57.596131560291,7.12991538058038,17.3310918029379
"609",20.5918295857965,77.9754209321641,10.602114206945,42.5496011201321
"610",18.922261777507,43.2366890499788,5.21808082739401,23.6326942270606
"611",12.0533442015115,54.0227709030593,11.3981346913328,55.5741697242912
"612",19.3018205657278,56.1953412971095,6.18135777969877,18.7060746713698
"613",6.53134464582281,21.9233118784292,3.5902909062637,7.74567544635956
"614",12.5132197334532,24.9974716919795,4.03448655952285,22.0948049020365
"615",12.9790331088328,13.875464653535,1.61137958022589,0.269185048244278
"616",19.4430389068406,49.7422718821114,5.5959508499508,19.1711307881091
"617",12.8300421009979,24.6340876596825,-1.69630959632296,-5.1640819522784
"618",16.5937940099435,58.9628248014454,15.1162660361458,54.1375228505761
"619",7.71257340664752,33.1098024390231,4.35997463070886,25.6525571954156
"620",12.1721557911036,40.7165509372757,6.43502148175162,17.9411132124156
"621",8.20779477950065,18.2377845177822,7.1636221777019,13.5676638974037
"622",9.49120249831812,50.4742309231783,8.14383027045246,44.0473945299831
"623",14.7842485049441,51.6321705634852,6.27524693692811,35.4725331609114
"624",6.43236667227953,20.8045832804172,13.2952801406354,36.3217333760703
"625",10.5216049076205,29.1111808694971,7.49932898720153,30.6860831412585
"626",17.3338985393948,42.194764188171,5.06016448731874,20.4320313004608
"627",21.4122944673816,51.1581576714562,0.126703624713651,21.9583993829356
"628",13.6180550047402,31.6430982059474,0.603007496419697,1.76209034926816
"629",18.4166958803281,62.1205212848984,5.64080237348004,24.5282045125167
"630",14.2314178467776,50.2048798994212,3.11801344712255,22.0077265043278
"631",17.9050656708288,52.0543070997769,4.08829782320584,26.5019147991124
"632",23.0911350310111,75.1659499727551,-0.282214516997665,29.1856679758293
"633",24.9255408928752,60.4452418139889,11.4862521944774,61.0396046391932
"634",11.18993897677,-0.339697786369157,6.29447183540625,2.48395072497174
"635",12.408319326771,35.2841147419276,4.41823203233979,45.470070394608
"636",8.32529786083257,36.1185720651253,6.12634826709076,9.46462827029706
"637",13.4119828520943,47.5090697599382,2.09569531149109,18.1565373484693
"638",3.58960843462143,9.90009104006847,12.6992642443325,32.1388187098374
"639",14.7896454804628,43.5306363512453,3.22333922476346,17.8371794675024
"640",17.2841900093548,40.0832368575183,3.48619666830452,12.7329816831496
"641",15.1928900341079,39.2220275853745,3.01904792082483,17.9403306290742
"642",8.58546836059268,21.1519141470792,4.30359717559444,6.81141706647292
"643",14.6351382488765,16.9986822635944,10.6018639342789,33.559401741106
"644",15.6886970685601,36.846526678458,-0.294427015066062,14.9351475433945
"645",19.0677728099871,54.444991137285,2.71625153186515,25.3192364778115
"646",17.7650616526509,59.1015555559396,-3.84568612297896,-2.38306251411651
"647",19.5565082640381,33.2530727667949,5.90925816873764,23.0827416483228
"648",23.2946406171539,62.710321006046,1.31670562964133,20.7929548592022
"649",18.175937684705,37.3778771714893,3.11904527482824,22.7861099987715
"650",16.4509656753485,18.7584137751352,5.23135167814287,2.173221627493
"651",12.950113481954,31.1845719587099,7.30602127310731,26.071994567951
"652",17.2779934937432,46.8103099304417,6.1350143587135,20.9779385510034
"653",9.4398779044839,5.46370574664574,-1.80532898493758,-9.95859472492917
"654",15.5067492443846,45.1947841248383,2.84108567236975,26.8039891531444
"655",15.9049090591437,57.5353568117772,5.12819172766196,36.426906127254
"656",10.4030500850058,2.55754026031821,2.44328409391632,-2.2936876525631
"657",14.7184613471954,43.8086506938376,4.3342612704059,28.6209796649295
"658",19.064023019907,52.5974846101501,3.26999020547316,18.9518636711954
"659",6.84544470541566,11.5281412186801,13.1096194780965,33.7419568312861
"660",12.553205676368,36.3162586748938,7.13996485703774,39.9155312321201
"661",19.9094413518197,59.2307597586108,3.17101691384759,22.8677282502601
"662",8.91499694564921,10.4996119450369,2.37698530479534,10.5008528322569
"663",23.4275515684539,76.5962843731166,2.12069706300962,27.445806113051
"664",10.0019758897626,9.93307052282468,0.797382956417278,-10.2360872326041
"665",4.45512684459567,11.8887584455583,5.62858271465439,2.56980672253394
"666",16.8002979848442,48.6777489733049,7.22460463835758,24.2708958914981
"667",7.41235718871487,9.77668677536465,10.8962809279318,36.0379695176334
"668",21.711828349012,66.644989760357,3.24832661257716,19.0497435443017
"669",15.9166151813664,42.9568719509135,5.04776877110491,12.1280372964245
"670",11.8573542304464,32.5083225591894,7.43833395465606,17.4420135131777
"671",13.2761251384453,42.9469803921613,9.53435664624807,39.994116884675
"672",15.4384004304345,33.3964274535314,6.55163654099913,20.5447597394057
"673",13.6812411284583,30.7430738320688,5.75495702620412,27.1796100083839
"674",19.2000448281565,38.3220185855405,4.81721487209993,4.49323383196895
"675",16.1921703731154,62.2077019910557,9.96288448906841,56.9085667434211
"676",11.5287119210755,30.3556412210744,-1.52063782228558,5.49513413668422
"677",11.5333349738643,22.6675142864064,4.23758959250747,5.59842629383132
"678",13.9508599415483,36.9677208444736,5.61957326011013,9.69126166532246
"679",14.9511771097235,27.1917456229755,3.10995218546993,8.50389802631176
"680",6.09156637158351,11.6286152558527,17.0049914759305,58.6567656844376
"681",16.2408719883125,52.9894801089339,4.11129254160801,19.9940659965765
"682",9.42068033510959,37.0446443340015,8.19827175391358,24.590255323734
"683",11.8319009897068,18.793613793969,1.17051043493549,-11.0754937227191
"684",16.5387250263134,45.7554163376885,6.03644270305604,34.4032193966193
"685",14.942435817133,26.2125215661336,-1.65457442000449,-10.8958108837283
"686",13.0241745525373,16.6844727130406,1.04231921198538,-2.8501189228081
"687",9.87468365970881,14.4700784027733,7.94270592742957,8.59943132227936
"688",13.6767543446213,23.2501657412407,-1.17515418148727,17.5670603905523
"689",18.3616517644131,54.9114128828776,7.10611372176568,27.2935689744762
"690",18.2547285099388,65.6732348455745,-1.28533450428758,13.1352388135596
"691",16.0125196482226,37.3253233652318,7.32718926517429,25.3453034694016
"692",13.4449457134697,38.7306529866679,12.9404905983777,41.8606713111977
"693",11.7853194026811,47.0980585634348,12.2266252850058,32.8119969587863
"694",23.4677603826153,68.036048063906,-3.64253868403384,-8.50662898309312
"695",19.9118385627065,49.1600946206618,1.16418056010417,-3.34175888671894
"696",14.7244151257782,50.1897936779831,7.11319622030885,24.1436459423695
"697",15.0028146789706,28.5583815332031,5.76030272898548,21.183743834665
"698",13.7497157898972,42.9005550427674,4.43000351583073,34.615277256365
"699",22.7868678256657,52.6893558615809,7.59991079684548,17.832108248459
"700",20.9313692798728,80.2614897854377,1.30134156203904,22.4761427886826
"701",11.256142109895,36.8346143236373,10.5968408839056,51.1576422470324
"702",18.9340533212436,43.2508077441639,-2.35438101458053,18.877944839376
"703",17.1463411214249,56.1876052070813,5.56678044743293,40.485830497676
"704",7.14147173231349,22.7232832711168,6.32076111617204,0.744380911595801
"705",19.66154355038,56.9634073098135,-0.167601859711755,11.311016101689
"706",14.8373554578637,39.7740537351947,11.1241164718335,40.903483440996
"707",16.4200960816411,33.8131633635017,-1.65247775499965,-11.8808804428108
"708",19.2069541138938,50.3797690845693,2.00633698479667,21.3391064027496
"709",15.1187010952482,55.990629856592,9.5411104300167,50.5935347770435
"710",5.68532519270516,-11.8564788705818,10.1751442073853,33.7484698482359
"711",12.3293421989844,41.3103888864515,8.78966405484996,44.6664132316732
"712",17.7541708433642,31.4604135354444,6.58259023766024,17.8478003291
"713",21.4305930674598,45.52352606501,4.08083479343738,20.0227881477591
"714",28.1132627489045,102.302319112875,-8.26301925767161,33.2178920053191
"715",12.6324511797199,35.894327477213,5.8740769154734,26.5297997890748
"716",13.6092674251483,32.9841699854683,4.91227982899885,4.1181482143448
"717",8.56574246639354,25.1675158903134,3.16350985936347,15.6142240457663
"718",26.6233690325324,71.5065997041651,-2.08258516976905,10.8382986109101
"719",13.9844837371528,38.5446061798807,1.69895842589875,11.5078140604636
"720",14.3851748071277,43.7250104451418,7.40441519179039,36.6874111136686
"721",8.58030298926562,33.1090324812433,8.82609504801969,38.3982506364548
"722",19.3701886962001,35.702752924366,6.63070203987715,8.33721567038712
"723",14.6938808469236,31.8521862918725,7.77944341663378,36.5937547869919
"724",14.8862511642259,44.3144127683954,6.02704152025234,27.9727009982837
"725",14.4166974118904,22.8194573475225,6.83190019292123,20.9336904418957
"726",17.3860567273252,56.7855356015542,6.83463009052279,39.1199303272429
"727",22.8094230896763,57.4771396956693,7.60489753782204,20.7287358566921
"728",19.6713772561902,47.6784793403342,1.4280196677881,16.1705389557389
"729",16.2380419060389,45.4089988540466,6.39621527145513,40.663003287364
"730",10.6987989142555,5.11175703170867,6.20307204362154,22.0201983063819
"731",16.9567143419522,55.9370952638152,3.23063579287923,25.0668185138123
"732",-1.97025278981693,-7.74459033386918,20.6841520047424,45.3279208786174
"733",15.0426252446171,45.2801284040438,1.67257855704717,14.5638089545876
"734",23.3787184199563,74.5404519795677,-0.951517360071035,20.1780453835013
"735",9.66952106839882,13.3635539917665,3.53760179029879,12.3142562842092
"736",21.3999570673587,59.9468311726562,-2.45695129277322,29.796434133676
"737",20.4744233161102,43.8793343559111,-4.61935565117893,0.644658306536165
"738",16.1614858255943,65.9008813654776,2.09022380920014,22.1814574807255
"739",14.9525935377865,53.2200115157131,2.77328803213282,24.6837656218992
"740",16.5099561517261,33.8885073978394,1.93908678966362,19.0361280173682
"741",13.0536424412441,33.2258944749667,9.84749487503471,30.6356960824629
"742",13.2146708052424,-1.85163412586375,0.922166980523081,0.258835967448473
"743",13.2428481034352,57.435891679576,3.99136703072008,32.9024034196612
"744",16.3996781515627,51.1737855809066,3.48385792146416,38.0655179422538
"745",22.9773871146845,65.1312489296718,5.61315556767831,38.166445125652
"746",23.9334083402339,54.6479600442365,0.728731464934786,24.8327970915579
"747",12.7120223817191,41.7120638224239,6.22281246529249,25.6787862266314
"748",15.7401324585655,29.2284705754955,7.96943146780028,0.0457848192298869
"749",10.0538422564643,29.4766866754364,3.39319840057377,18.7821471366354
"750",17.5666797319814,54.5771726245303,5.16564424838273,23.7361693493094
"751",12.164237788861,5.49536716235808,2.75637056813872,-6.76090651203548
"752",20.9265934340145,46.1300169262989,0.369179600182004,-7.11025672730931
"753",22.76053934988,58.0238423500329,0.285462266000549,13.6151237471446
"754",23.4386017520526,55.7449264771087,1.21146936210899,23.4566119787291
"755",17.6105803242152,48.4183971603371,4.8247795114422,31.9318304283595
"756",18.9818585421201,52.5434448711438,5.95535919188869,35.9246154457923
"757",19.2643822238619,59.3148099528542,2.60387095821625,33.701469336564
"758",15.3516689764621,41.5369595586038,7.26233777315858,17.9023192368589
"759",16.6808984399289,39.1285642467529,9.14718159330661,28.6097015754173
"760",7.80944882375119,39.7260055674748,2.391720399244,16.5603359395277
"761",9.91400647949059,16.9324582136682,11.0364581779268,19.9203334854108
"762",14.1108409858175,40.6852798562768,8.44397197183023,27.6213293456585
"763",9.73417584488258,24.0548355275208,6.51114092599111,17.8244930358274
"764",10.9320936805775,28.7037268191889,9.4937730903824,28.2090201801046
"765",18.3719938167207,53.441944743897,-1.86258871365611,14.0678117240012
"766",22.9688980245217,75.8434533736377,1.62751452608351,42.8914061955454
"767",15.1364819900867,55.5825010945235,9.19215760302846,49.1338172038662
"768",16.9297671435708,66.0023019361497,7.79194318276331,34.7634387520173
"769",8.60906255467934,26.9301784936259,8.68775126203536,29.7149088719333
"770",17.9565861815887,60.0670484760459,4.15207163218937,27.4638675604944
"771",16.6263326801934,44.0933344934288,4.51053125521653,11.3165903091828
"772",13.2649214846888,16.7606017798194,1.24108558304478,-0.835261378513536
"773",12.6641335773658,9.45254023674229,6.99893151082895,22.0774081798102
"774",13.653275270055,57.204601534828,5.45162448727236,22.2587159526208
"775",10.7517628629455,45.2640270831143,6.53980006199965,30.3691561886136
"776",1.63793104844173,7.99126782828525,10.8615542226706,33.0691782309673
"777",6.94450955978047,15.3007643877467,7.28194443002137,21.5793303884209
"778",17.7670209032917,29.5112208746967,5.8066233858589,9.80970782224683
"779",13.5740617289228,38.2426144317794,10.6271481412883,41.323806963825
"780",14.2510673167916,13.8735506407825,3.18963441374012,21.1511936208919
"781",22.986819569555,52.9657865354976,-2.42143266220284,-1.23066156456722
"782",21.1172528651002,60.4931278601347,7.82687177489607,55.552745888894
"783",20.3594940012737,28.3267754910162,0.794118893707773,8.27192998431771
"784",19.3464178359834,66.7184789880595,1.97571636747862,9.94010258786119
"785",28.9382408613289,55.3852861986164,5.87605062662947,15.7416487823814
"786",14.4585685258697,45.4104287145291,6.02192676548483,26.4041036155593
"787",7.12543687950132,2.64535543852865,0.799085940816684,-4.08443460736605
"788",7.97141282903326,21.2704443742337,6.19433688063742,27.0300070299513
"789",14.2933600414065,24.458631387716,5.84379043433507,33.4481608765193
"790",20.1513073280299,57.4135797953649,4.56006328637007,24.9606338728959
"791",13.8836170720878,26.4904060865581,3.57222261392795,7.97321547781862
"792",11.924047043844,38.7732896952468,8.11244139133086,27.0662803148309
"793",12.1929421697552,10.4361139701001,7.59248901319235,27.4490345107155
"794",15.1880246220888,61.4318999997512,7.09162342934596,42.9098335904302
"795",16.6856140050852,38.8224683057123,4.46886785912067,21.4020301007209
"796",17.8650222109137,29.8269342814601,8.18622780528499,36.426270928738
"797",11.9651020459698,37.3228765356361,10.41716314536,40.7042856738391
"798",22.0381022408791,70.059399328224,1.71707894053167,18.9290375770916
"799",8.8671228599762,10.5006036105805,3.3360754333967,7.82183731359745
"800",25.4225887652061,68.0326409383727,-3.31301353110119,10.9153518129993
"801",19.113747027398,47.7451941545928,-1.7947866408556,3.27907907997763
"802",12.9317054378949,31.5625591321709,6.75815643376947,37.5334523477443
"803",16.8533352712124,42.7401443158791,5.26124193415852,24.7125817429291
"804",7.02106523196404,21.8705177080892,11.6025298569105,21.4261447487472
"805",12.7269001749712,21.3410312573537,0.425152385496242,1.71805669275115
"806",6.90187810287934,-3.68626689136899,7.25342634406561,21.2550960684707
"807",14.9637387941386,42.3223928744797,11.0261107729059,22.5330558324311
"808",9.06209883722221,23.2619595637899,10.137757569466,29.4983012889481
"809",17.4440061671767,65.3604191083112,5.93646068691448,36.5375945275266
"810",11.837761426042,16.2226487166328,7.12509631856207,25.0612602077148
"811",20.2575912365226,36.9367022323371,1.64200271592508,22.2580212620927
"812",6.49066460676282,16.3196326143392,12.651358616657,24.5546598373921
"813",16.3394523494613,44.8703356431929,2.90836122705981,4.59987814806209
"814",15.864839725003,43.0216151174111,0.590959594683664,7.76039138425741
"815",19.0916644681038,57.0380106935776,2.2264895036664,8.90129129965212
"816",16.6791877679962,44.6421552010136,6.9854627900157,26.3401248674247
"817",7.95842740455081,12.1241898488306,6.5241783444932,3.86484017870064
"818",14.3224656281809,36.5863483729076,4.10821956477522,35.1814945140544
"819",18.3476951508027,66.7636020332296,4.7822669531612,25.5091752616098
"820",9.40601674017627,20.4897506759058,12.3309446168034,50.9522246022135
"821",16.7819701200547,45.7717831104494,5.35614200688844,27.422577171336
"822",13.5239395876621,31.0957261805322,5.15194084181387,16.3813204996885
"823",18.6969182027512,44.5731503500333,1.60126885412893,24.4594589843077
"824",8.19011622209952,15.1297325425722,7.62227059292397,24.9603026197222
"825",11.1864330393118,41.4769822081037,1.39795276628455,12.689451183766
"826",13.3924354947515,21.8987262192645,6.31560087686799,15.1687057946602
"827",7.71904854852962,27.8314343581908,11.883373346889,51.1532596521809
"828",16.5173269052912,58.294257427967,1.84978228217256,17.6114764613371
"829",10.9322814360745,11.684812821777,5.46531457076591,11.5949237683169
"830",8.74278773528562,24.1965540430101,8.36906484444312,33.8228217062232
"831",14.9954677251375,44.0966580596161,2.18160373551973,15.9337674388366
"832",18.5651442020144,65.8780948521221,1.87666819232051,17.8724959826378
"833",14.5145936225368,21.7512161974932,2.20783816286115,8.03149993310748
"834",13.0889126221892,36.9214844025544,1.00912370834615,12.6494546510564
"835",11.2152142382292,31.0318537339407,11.664110121919,33.9353603928416
"836",15.9555285871878,42.3391908265335,9.4006166540947,35.9068611266408
"837",4.18150565731061,3.73388366526959,7.04098269473174,26.4414278409147
"838",7.93386438128596,-6.53053591225724,-0.00908149704795047,-12.0898408175225
"839",10.5299712510498,20.2237630906872,6.11107627153951,8.37136395874913
"840",10.5416852501363,23.4518860868976,6.03333790644523,17.3931229022561
"841",17.5648457446046,65.0391527437862,4.40903002263705,43.5189419446922
"842",15.5370002692183,55.0466867507059,1.90474387428474,28.248507653187
"843",15.056099619,24.3926917761833,4.7972613174143,14.7134187070719
"844",14.0164397612745,61.1351324486186,7.99207002934608,48.2499584649431
"845",18.185814567551,45.1991498507623,4.65459874212441,14.9347473876346
"846",22.9789912099794,59.4148355431262,1.24025688849149,8.2731720294152
"847",11.5724565358456,34.4393933078701,7.04874882439774,23.4918493895861
"848",16.4995293101482,62.1215171461016,6.20397640625489,29.5954340726876
"849",18.473460181663,36.9866061693107,2.15189464238286,13.5558262068645
"850",10.5123250263202,36.8542328515221,7.10770182776284,15.2822423908715
"851",13.2048956319647,56.2766786457863,6.29264436039605,37.96608900929
"852",16.11381321466,46.2724801101677,3.35178237164854,24.9106903955629
"853",16.5193349685958,39.0536397146076,0.425531662594643,0.489825598934303
"854",14.9678038912592,32.6442091614622,2.61874149590874,24.2309599259557
"855",20.5749554979579,55.0135625029569,3.39910400865918,19.5459939718519
"856",5.21311474033476,7.77839508223114,13.8457665512013,38.2487141418935
"857",5.45300684133604,6.90050452056311,10.4953378512748,33.3633735874384
"858",13.1384643176065,37.5884724778045,6.22323671559535,25.8594963666996
"859",25.3808528726284,81.9456115285654,-0.690797683006429,27.6848990948831
"860",15.1188593191545,33.4626026075546,-1.99783494363184,10.9313978212321
"861",14.4218106346446,32.9967614114682,2.37180000562418,11.1804084732552
"862",17.1993217494745,39.5904042594957,3.8786185544068,17.5093248369439
"863",23.9228135956358,62.4270209503193,1.1730461999218,6.93217159415829
"864",16.7864446196475,32.6943543568403,7.10412782430111,23.8603694960994
"865",15.2801573760781,51.7763496609663,7.658244965658,24.7084314878191
"866",26.0185675122133,69.135400369245,4.62537742443989,29.4741563590609
"867",13.6445733577502,45.2962526914901,7.57552482378792,14.8481102147581
"868",9.09866488779553,-0.406153567813277,4.97146481222561,16.3518154801671
"869",11.876321245533,23.3633837880179,11.4127385347454,7.22137048707468
"870",25.466278934136,87.2272867642544,-1.00808034282146,13.1189518036379
"871",24.0493508821798,52.0552002347242,1.16586119078833,16.5438033489631
"872",17.9213567745153,38.4931198876831,0.145084331390216,-2.64012237128109
"873",12.5690649394337,21.7165803751263,0.864119778600683,2.1115055809433
"874",18.3211218459238,55.7497321868465,4.70490506459593,7.60969578937419
"875",8.89174000711087,25.6006243271186,4.8756852520682,14.5407310952721
"876",16.4007396083868,45.9817891785221,5.64960469903981,40.2218893318962
"877",1.79172561705566,0.0533645317960421,5.74717068315066,3.50562438718351
"878",21.7768662903784,65.5723469626865,3.12102037863633,25.9347043647425
"879",22.2293786198537,72.309152285534,0.875213521230726,17.7384701347607
"880",13.7751107744677,51.4329326499166,9.35361300474953,36.0723059441776
"881",0.184895583986668,-25.6193176933673,2.81567051339083,-16.5490307711713
"882",9.11845645796422,40.4530910776118,3.70155588119187,15.9619156351779
"883",10.3961035008887,43.5253952990661,10.7439151430961,46.7435839825764
"884",16.471386907562,31.9753788975104,1.75606911871947,16.5115288278029
"885",16.0186139436716,34.875099832198,6.71472184410247,18.7359570916861
"886",18.1384579308116,57.5250112790423,3.93426885405396,13.3586637490543
"887",14.9490727822972,50.774565460693,8.60383564206556,41.7578041553045
"888",14.3617568800112,22.7514656441482,7.37604605767498,32.2662570939122
"889",8.8976740582133,16.2145431154347,9.60351659816956,27.0493313297775
"890",16.9261659532695,21.7229958467655,4.43430556136545,29.4605717168217
"891",20.1865393621061,41.6150159827493,2.49097433209054,2.73020649608468
"892",11.2105793330902,45.7836077080584,10.582152373087,36.8163734686825
"893",20.7900946824553,52.7983937538547,1.11830705815565,20.5101153773322
"894",22.8501795471583,65.7605881675222,-3.16831282242944,16.217136420134
"895",19.7253203597283,58.9291821895702,4.91695955450793,24.2101758021185
"896",4.34704824281205,-14.1208863668761,7.53190932439161,-0.811740040369656
"897",18.3176703511029,44.3444662722558,9.10346118141149,24.3772983981176
"898",13.8708050209602,42.3732671356697,1.76231901321963,22.8004167682443
"899",21.9377292258717,52.6377566511442,7.76534994507646,21.3533785503982
"900",7.49193070582734,33.6732300512842,7.73799840202921,52.9770853848736
"901",15.7943959467902,33.3588791250348,0.507308541460207,11.6598900684863
"902",16.9806953323084,54.7625547740547,3.7844203347478,23.0893110269835
"903",22.557221343303,63.0926533539456,-0.0108955489510629,17.1421272370061
"904",17.5544301765334,61.3180668097977,3.3569297347669,35.1278776310028
"905",21.1704587746596,90.6976339350481,11.3315909913606,60.4933850318666
"906",15.2974509626736,36.7134972307041,2.0262463091221,19.2740112718248
"907",10.0433659833174,36.7608734810868,11.5544784042524,43.9448143430906
"908",23.1269229358108,51.7693523799448,-6.57887379756818,-8.69075528690075
"909",20.0887556833558,52.0257859717017,5.97285551816822,13.9106201397316
"910",13.8710830508499,50.0832694420831,9.08566144622252,31.7911240251404
"911",14.3833503959731,24.9884596186948,5.10759451823341,18.6257488004459
"912",17.5326034401112,42.5858197920792,1.24706138308825,16.9851250526526
"913",12.1889301547273,30.6363126768571,7.6518944925569,20.1505899595682
"914",19.2186945960523,61.4734790441936,4.90285186208245,43.0540155114995
"915",12.238635780651,17.8588585146716,2.10028744325493,-4.37340731390565
"916",14.1163284532112,44.9741856026842,8.75240976560264,44.0181933283755
"917",14.6276328423255,58.0262906974558,1.4624003629429,15.7044343464159
"918",9.7014191116811,29.5263552477662,10.6092734486091,59.5192599086977
"919",10.0962856123546,37.885763291822,7.28819856381159,27.7568159749039
"920",12.670411363669,35.2944407203335,4.132196126178,21.0056493982484
"921",14.447520858327,22.2746313511961,6.08984124630229,27.9807174096976
"922",11.9735310856548,12.4603524379395,-4.0136666270255,-0.37130877857641
"923",19.3049715800759,53.9272204897537,2.8259553414456,22.2504186189801
"924",19.2927162778552,50.5340955767108,6.99713427223206,37.5880168462677
"925",15.1349485486113,45.532603364627,5.66663200295593,12.2887164339307
"926",10.8516743473477,16.8774292310453,9.61193995857207,30.8227641609616
"927",22.7525853784192,37.131613990344,4.11107654824093,10.2242231838526
"928",14.019036832317,45.3074197755233,6.43028048961703,46.4301013298804
"929",17.5544101594734,66.0996137046582,4.14402987530874,32.827924623113
"930",17.9173521536754,56.4742827774672,1.46250704110017,9.49646789255172
"931",14.7494299452543,42.0949099561043,7.64659595784395,28.5239610128979
"932",6.01319401307124,3.09862818867504,9.98221642979202,19.3326542850156
"933",11.8273515385605,28.0323509477266,4.22176755869807,11.7134007498598
"934",20.2652975881066,52.8501091277995,1.9763774799151,15.4168700515958
"935",16.713790683943,25.2398455832631,1.63922010119436,7.10396405318378
"936",16.1678907608779,41.9504447915887,10.5881782152848,27.7917549562697
"937",9.92636114246446,21.1451759483189,5.96420396798788,8.47957151046785
"938",13.8431766744184,35.3830781022106,6.3250957555136,20.2491229002637
"939",11.2505296652782,26.7435395607854,7.3105402293946,22.4858774660301
"940",7.84687516168072,12.7173374396968,9.06663239754907,16.7995643250695
"941",9.29891223455907,29.1648124488791,5.24692314161455,8.95968822061642
"942",10.521551673914,33.2952837537701,9.55791351796655,39.2852480351299
"943",9.937650932383,7.40756603813485,7.27885205260758,34.7852529837681
"944",15.573955103607,19.5239655857491,5.59311811816128,21.281096942676
"945",15.2494389669505,58.142424147955,5.48910160777587,38.6659228869577
"946",1.21787716839569,-16.4186846605657,12.6930002931144,23.0712279563454
"947",17.8401780422435,56.7583387861743,5.88808790503861,32.956270080057
"948",18.6029525310628,47.1522350051968,3.99197624973778,29.7202365236624
"949",12.4635720601335,40.1652819638797,11.6479962543977,46.4174129228397
"950",15.3024269197316,28.5683279337014,2.9627963987625,17.3128271711325
"951",21.2865534428711,44.3315238559203,3.69749699824426,15.4263343938699
"952",6.52477458521345,-7.82925489191231,8.33895043419813,11.1246581036004
"953",18.9333768317742,59.1865047141729,9.86554181634829,47.8168419138093
"954",13.8174959032181,30.4269230119985,5.44322639747084,27.4287175467405
"955",16.3990133206295,21.4581304921919,5.01888739720292,13.6849847728332
"956",18.0072176411837,50.1816623178098,5.13166375189746,34.8470854398558
"957",6.32630741280939,-8.57233741641834,6.83384654081183,-16.4328475270578
"958",19.5843071368878,46.7076354451848,3.81922313666838,26.5073937967625
"959",15.7021873842829,44.1075949504416,1.37362483497973,22.8592816643327
"960",12.6219397327559,25.9403983941397,0.122494871042719,21.0301224154745
"961",15.9024026544795,41.9398596297081,1.95892979193924,23.713384714438
"962",10.2866069432508,32.6791633348947,4.75158011182327,21.3110386622908
"963",16.6414379290245,56.0471984128811,9.04500507719374,22.5012634832041
"964",17.9470336683494,33.0114972224398,-4.10936484700102,-20.520550982744
"965",10.6342658054895,24.9674805580218,1.26149392954022,-0.730610590956243
"966",10.8593613814188,23.7811197093906,7.16989668910542,16.240696868325
"967",12.1739989981194,51.0054375402837,5.37717871246637,26.4444810386037
"968",12.8178703700926,36.5602183918677,7.73104341560541,35.4377808817914
"969",24.177432630851,86.617594330905,-4.90370466234073,14.4772641459626
"970",12.2409275668398,24.1252096504045,8.78041155702794,19.0446164593345
"971",5.28642823050476,11.0981683000593,5.98897022328059,11.4172741041536
"972",13.0178550004393,39.4629794764068,4.12684784540272,16.2594548451351
"973",14.2840330555958,60.555059151847,9.77494579381976,60.516871250076
"974",21.7081610520275,68.6558984586243,6.37645265300639,50.7487258643713
"975",16.8730454690689,39.2447290941474,5.73143404985004,21.5456707716938
"976",18.0661222899707,64.2755810622528,7.18941396801084,60.8968991994637
"977",16.3537745701866,50.3716962820026,4.31965747717177,31.0661605090666
"978",12.8911564199898,8.63074642243066,0.98109007688769,-5.57408088932957
"979",15.1997203738382,45.7142335954125,2.67696953852312,17.742251892767
"980",9.68075502455897,25.5445274090798,5.03676370313115,17.1229485002016
"981",14.2611449813936,27.8259903857455,9.00971975148936,48.2651506172853
"982",26.5332185193239,87.0293354117149,1.97225384848889,23.9678481517483
"983",17.6203954073072,29.4326925513845,1.16771730777626,-16.7666789231024
"984",16.8594984737373,42.0177598872728,-3.0741115128136,-0.103201241180763
"985",16.3281366230355,40.0564587260036,3.18935735845662,21.4404633241679
"986",12.4952957424382,27.1957723059878,9.67382205714572,31.417277521741
"987",8.1847617769645,18.8406092793258,9.24148155452875,6.21438785388948
"988",17.0467960158591,61.7685966609841,8.63492298575328,49.0736855319717
"989",6.45956009197899,10.3967861030743,7.29248584866727,32.2207896091496
"990",11.4474943883532,21.704957860883,13.1136785132387,32.7073960094836
"991",10.6171000068563,31.4213035727309,10.7514998104449,51.0110221373468
"992",12.8785508339995,44.4002074281234,3.6870665771703,31.6533396027689
"993",7.52911912752338,13.969558340005,6.64268074006438,11.0233525698123
"994",18.2465394750336,49.6950068558225,4.45392869007121,24.2697069633191
"995",14.5895191022574,43.2120462370353,9.62699775528311,26.5949972513851
"996",14.6418559196696,14.0113520249588,6.19902336788824,11.6513566666632
"997",9.66985955850489,17.9017774869116,9.44409248212351,25.2251817476149
"998",17.2816309572537,56.2742529922053,3.63498017606354,32.8450964344204
"999",14.3764155101213,51.8789034040864,4.66328186081681,31.1558498594066
"1000",19.3081134562338,37.9358952325821,3.08697926578658,5.45402305574418
